{
"meta":{"test_sets":[],"test_metrics":[],"learn_metrics":[{"best_value":"Min","name":"RMSE"}],"launch_mode":"Train","parameters":"","iteration_count":100,"learn_sets":["learn"],"name":"experiment"},
"iterations":[
{"learn":[1613.862274],"iteration":0,"passed_time":0.002262631682,"remaining_time":0.2240005365},
{"learn":[1536.208448],"iteration":1,"passed_time":0.00427546916,"remaining_time":0.2094979889},
{"learn":[1467.320827],"iteration":2,"passed_time":0.006515242638,"remaining_time":0.2106595119},
{"learn":[1409.058855],"iteration":3,"passed_time":0.00859518275,"remaining_time":0.206284386},
{"learn":[1356.004614],"iteration":4,"passed_time":0.01100794559,"remaining_time":0.2091509661},
{"learn":[1311.675366],"iteration":5,"passed_time":0.01338667044,"remaining_time":0.2097245035},
{"learn":[1275.413377],"iteration":6,"passed_time":0.0155980563,"remaining_time":0.2072313195},
{"learn":[1242.802657],"iteration":7,"passed_time":0.01777608728,"remaining_time":0.2044250037},
{"learn":[1215.284621],"iteration":8,"passed_time":0.01998554843,"remaining_time":0.2020761008},
{"learn":[1191.924084],"iteration":9,"passed_time":0.02228947939,"remaining_time":0.2006053145},
{"learn":[1172.634506],"iteration":10,"passed_time":0.02458678184,"remaining_time":0.1989294167},
{"learn":[1157.754608],"iteration":11,"passed_time":0.02726743301,"remaining_time":0.1999611754},
{"learn":[1144.495256],"iteration":12,"passed_time":0.02958422493,"remaining_time":0.197986736},
{"learn":[1133.013399],"iteration":13,"passed_time":0.03173392139,"remaining_time":0.1949369457},
{"learn":[1123.898642],"iteration":14,"passed_time":0.03371105168,"remaining_time":0.1910292929},
{"learn":[1116.223612],"iteration":15,"passed_time":0.03584432441,"remaining_time":0.1881827031},
{"learn":[1109.525116],"iteration":16,"passed_time":0.03796342908,"remaining_time":0.1853508596},
{"learn":[1104.734115],"iteration":17,"passed_time":0.03995841277,"remaining_time":0.1820327693},
{"learn":[1100.206275],"iteration":18,"passed_time":0.04202431657,"remaining_time":0.179156297},
{"learn":[1095.749928],"iteration":19,"passed_time":0.04450337279,"remaining_time":0.1780134912},
{"learn":[1091.608636],"iteration":20,"passed_time":0.04653200721,"remaining_time":0.1750489795},
{"learn":[1088.402157],"iteration":21,"passed_time":0.04871784363,"remaining_time":0.1727269001},
{"learn":[1085.940083],"iteration":22,"passed_time":0.05069274219,"remaining_time":0.1697104847},
{"learn":[1082.941379],"iteration":23,"passed_time":0.05406704436,"remaining_time":0.1712123071},
{"learn":[1080.459169],"iteration":24,"passed_time":0.05642882088,"remaining_time":0.1692864626},
{"learn":[1078.860113],"iteration":25,"passed_time":0.05889097269,"remaining_time":0.1676127684},
{"learn":[1076.982115],"iteration":26,"passed_time":0.06083327052,"remaining_time":0.1644751388},
{"learn":[1075.306568],"iteration":27,"passed_time":0.06275508479,"remaining_time":0.161370218},
{"learn":[1073.0667],"iteration":28,"passed_time":0.06453709573,"remaining_time":0.1580046137},
{"learn":[1071.505034],"iteration":29,"passed_time":0.0662132375,"remaining_time":0.1544975542},
{"learn":[1070.405117],"iteration":30,"passed_time":0.06811160909,"remaining_time":0.1516032589},
{"learn":[1068.993083],"iteration":31,"passed_time":0.07011304042,"remaining_time":0.1489902109},
{"learn":[1067.894929],"iteration":32,"passed_time":0.07191570139,"remaining_time":0.1460106665},
{"learn":[1066.609963],"iteration":33,"passed_time":0.07395186937,"remaining_time":0.1435536288},
{"learn":[1065.822027],"iteration":34,"passed_time":0.07585766114,"remaining_time":0.1408785136},
{"learn":[1065.137423],"iteration":35,"passed_time":0.07780818481,"remaining_time":0.1383256619},
{"learn":[1063.852439],"iteration":36,"passed_time":0.0797367274,"remaining_time":0.1357679412},
{"learn":[1062.399688],"iteration":37,"passed_time":0.08208386198,"remaining_time":0.1339263011},
{"learn":[1061.394375],"iteration":38,"passed_time":0.08412427183,"remaining_time":0.1315789893},
{"learn":[1060.478266],"iteration":39,"passed_time":0.08589303734,"remaining_time":0.128839556},
{"learn":[1059.216391],"iteration":40,"passed_time":0.0876320235,"remaining_time":0.1261046192},
{"learn":[1058.177334],"iteration":41,"passed_time":0.09035256585,"remaining_time":0.1247725909},
{"learn":[1058.004673],"iteration":42,"passed_time":0.09190474513,"remaining_time":0.1218272203},
{"learn":[1057.173267],"iteration":43,"passed_time":0.09399307397,"remaining_time":0.1196275487},
{"learn":[1056.647461],"iteration":44,"passed_time":0.09590797269,"remaining_time":0.1172208555},
{"learn":[1056.013507],"iteration":45,"passed_time":0.09806801014,"remaining_time":0.1151233163},
{"learn":[1055.52119],"iteration":46,"passed_time":0.1001676709,"remaining_time":0.1129550331},
{"learn":[1054.969485],"iteration":47,"passed_time":0.1018757004,"remaining_time":0.110365342},
{"learn":[1054.300705],"iteration":48,"passed_time":0.1034100214,"remaining_time":0.1076308387},
{"learn":[1053.103743],"iteration":49,"passed_time":0.1056774703,"remaining_time":0.1056774703},
{"learn":[1052.405579],"iteration":50,"passed_time":0.1077156935,"remaining_time":0.1034915487},
{"learn":[1051.6244],"iteration":51,"passed_time":0.1096511034,"remaining_time":0.1012164031},
{"learn":[1051.014722],"iteration":52,"passed_time":0.1115919703,"remaining_time":0.09895891709},
{"learn":[1050.121309],"iteration":53,"passed_time":0.1134949882,"remaining_time":0.0966809159},
{"learn":[1049.143412],"iteration":54,"passed_time":0.1155701024,"remaining_time":0.0945573565},
{"learn":[1049.098664],"iteration":55,"passed_time":0.1165529074,"remaining_time":0.09157728436},
{"learn":[1048.300066],"iteration":56,"passed_time":0.1183183109,"remaining_time":0.08925767315},
{"learn":[1047.832135],"iteration":57,"passed_time":0.1203746427,"remaining_time":0.08716784469},
{"learn":[1047.000433],"iteration":58,"passed_time":0.1224421658,"remaining_time":0.08508692875},
{"learn":[1046.303704],"iteration":59,"passed_time":0.1245526685,"remaining_time":0.08303511235},
{"learn":[1044.863103],"iteration":60,"passed_time":0.1264691323,"remaining_time":0.08085731406},
{"learn":[1044.305104],"iteration":61,"passed_time":0.1285834265,"remaining_time":0.07880919691},
{"learn":[1043.182766],"iteration":62,"passed_time":0.1304873208,"remaining_time":0.0766354106},
{"learn":[1042.100227],"iteration":63,"passed_time":0.1323862245,"remaining_time":0.07446725129},
{"learn":[1041.346969],"iteration":64,"passed_time":0.1341391787,"remaining_time":0.07222878855},
{"learn":[1040.686347],"iteration":65,"passed_time":0.1366072129,"remaining_time":0.07037341269},
{"learn":[1040.483307],"iteration":66,"passed_time":0.1388606709,"remaining_time":0.0683940618},
{"learn":[1039.994838],"iteration":67,"passed_time":0.1411209683,"remaining_time":0.06640986742},
{"learn":[1039.270637],"iteration":68,"passed_time":0.143262381,"remaining_time":0.06436425814},
{"learn":[1038.999779],"iteration":69,"passed_time":0.1452710876,"remaining_time":0.06225903754},
{"learn":[1038.281591],"iteration":70,"passed_time":0.1476464697,"remaining_time":0.06030630451},
{"learn":[1037.165],"iteration":71,"passed_time":0.1495440057,"remaining_time":0.0581560022},
{"learn":[1036.667613],"iteration":72,"passed_time":0.151362323,"remaining_time":0.05598332495},
{"learn":[1035.715187],"iteration":73,"passed_time":0.154350697,"remaining_time":0.05423132598},
{"learn":[1034.857239],"iteration":74,"passed_time":0.1563065113,"remaining_time":0.05210217045},
{"learn":[1034.477214],"iteration":75,"passed_time":0.1582519847,"remaining_time":0.04997431095},
{"learn":[1033.700176],"iteration":76,"passed_time":0.1601347246,"remaining_time":0.04783245021},
{"learn":[1032.988977],"iteration":77,"passed_time":0.1623128913,"remaining_time":0.0457805591},
{"learn":[1032.958569],"iteration":78,"passed_time":0.1632757757,"remaining_time":0.04340242139},
{"learn":[1031.684136],"iteration":79,"passed_time":0.1650621403,"remaining_time":0.04126553507},
{"learn":[1031.111326],"iteration":80,"passed_time":0.1679354934,"remaining_time":0.03939227624},
{"learn":[1030.14948],"iteration":81,"passed_time":0.1701958423,"remaining_time":0.03736006294},
{"learn":[1029.596613],"iteration":82,"passed_time":0.1724178283,"remaining_time":0.03531449494},
{"learn":[1028.989257],"iteration":83,"passed_time":0.1743684513,"remaining_time":0.03321303835},
{"learn":[1028.317253],"iteration":84,"passed_time":0.1763729308,"remaining_time":0.03112463485},
{"learn":[1027.39575],"iteration":85,"passed_time":0.1785611415,"remaining_time":0.0290680928},
{"learn":[1026.573016],"iteration":86,"passed_time":0.1805200587,"remaining_time":0.02697426164},
{"learn":[1025.822263],"iteration":87,"passed_time":0.1825994167,"remaining_time":0.02489992046},
{"learn":[1025.448638],"iteration":88,"passed_time":0.1852829112,"remaining_time":0.0229001351},
{"learn":[1024.22394],"iteration":89,"passed_time":0.1874535751,"remaining_time":0.02082817501},
{"learn":[1023.103857],"iteration":90,"passed_time":0.1891299341,"remaining_time":0.01870515832},
{"learn":[1022.445704],"iteration":91,"passed_time":0.1909465391,"remaining_time":0.01660404688},
{"learn":[1021.463314],"iteration":92,"passed_time":0.1930639351,"remaining_time":0.01453169404},
{"learn":[1020.46146],"iteration":93,"passed_time":0.1952460299,"remaining_time":0.01246251255},
{"learn":[1019.780185],"iteration":94,"passed_time":0.1971214826,"remaining_time":0.01037481487},
{"learn":[1019.146849],"iteration":95,"passed_time":0.1998460109,"remaining_time":0.00832691712},
{"learn":[1018.027709],"iteration":96,"passed_time":0.2021218744,"remaining_time":0.006251191992},
{"learn":[1017.151076],"iteration":97,"passed_time":0.2040167695,"remaining_time":0.00416360754},
{"learn":[1016.506484],"iteration":98,"passed_time":0.2059979388,"remaining_time":0.002080787261},
{"learn":[1015.717443],"iteration":99,"passed_time":0.2151161618,"remaining_time":0}
]}